fund_slug,description
hash-key-capital,Team member: Deng Chao | Available links: LinkedIn
hash-key-capital,Team member: Xiao Feng | Roles: Investment Committee Member | Available links: LinkedIn
hash-key-capital,"Team member: Michel Lee | Roles: Investment Committee Member | Available links: LinkedIn, Twitter"
hash-key-capital,Team member: Vincent Lau | Roles: Operating Partner | Available links: LinkedIn
hash-key-capital,Team member: Jupiter Zheng Jialiang | Roles: Partner | Available links: LinkedIn
hash-key-capital,Team member: Sunny He | Roles: Partner | Available links: LinkedIn
hash-key-capital,Team member: Vivien Wong | Roles: Partner | Available links: LinkedIn
hash-key-capital,Team member: Xiao Xiao | Roles: Partner | Available links: LinkedIn
hash-key-capital,"Team member: Arnav Pagidyala | Roles: Principal | Available links: LinkedIn, Twitter, Website"
hash-key-capital,Team member: Chun Hou Kok | Available links: LinkedIn
hash-key-capital,Team member: Junbo Y | Roles: Investment Professional | Available links: LinkedIn
hash-key-capital,"Team member: Stanley Wu | Roles: Investment Professional | Available links: LinkedIn, Telegram"
hash-key-capital,"Team member: Li Gong | Roles: Venture Partner | Available links: LinkedIn, Twitter"
hash-key-capital,Team member: Matthew Le Merle | Roles: Advisory Board Director | Available links: LinkedIn
hash-key-capital,Team member: Kevin M. Goldstein | Roles: Senior Advisor | Available links: LinkedIn
hash-key-capital,Team member: Yong Hak Huh | Roles: Advisor | Available links: LinkedIn
coinbase-ventures,"Team member: Brian Armstrong | Available links: LinkedIn, Twitter, Website"
coinbase-ventures,"Team member: Emilie Choi | Available links: LinkedIn, Twitter"
coinbase-ventures,"Team member: Shan Aggarwal | Roles: VP of Corp & BizDev | Available links: LinkedIn, Twitter"
coinbase-ventures,"Team member: Hoolie Tejwani | Roles: Director | Available links: LinkedIn, Twitter"
coinbase-ventures,"Team member: Aklil Ibssa | Roles: Director | Available links: LinkedIn, Twitter"
coinbase-ventures,"Team member: Jonathan King | Roles: Principal Investor | Available links: LinkedIn, Twitter"
delphi-ventures,"Team member: Yan Liberman | Roles: Managing Partner | Available links: LinkedIn, Twitter"
delphi-ventures,"Team member: Tom Shaughnessy | Roles: Founding Partner | Available links: LinkedIn, Twitter"
delphi-ventures,"Team member: Piers Kicks | Roles: Founding Partner | Available links: LinkedIn, Twitter"
delphi-ventures,"Team member: Drew Henderson | Available links: LinkedIn, Twitter"
delphi-ventures,"Team member: Sarah Brennan | Roles: General Counsel | Available links: LinkedIn, Twitter"
delphi-ventures,"Team member: Alex Golding | Roles: Ventures Associate | Available links: LinkedIn, Twitter, Website"
delphi-ventures,"Team member: Can Gurel | Roles: Ventures Associate | Available links: LinkedIn, Twitter"
delphi-ventures,Team member: Kenta Nagamine | Roles: Ventures Ops Analyst | Available links: LinkedIn
circle,"Team member: Jeremy Allaire | Available links: LinkedIn, Twitter"
circle,Team member: Sean Neville | Available links: LinkedIn
circle,Team member: Elisabeth Carpenter | Roles: COO | Available links: LinkedIn
circle,"Team member: Dante Disparte | Available links: LinkedIn, Twitter, Website"
circle,Team member: Heath Tarbert | Available links: LinkedIn
circle,Team member: Li Fan | Roles: CTO | Available links: LinkedIn
circle,"Team member: Nikhil Chandhok | Roles: Chief Product Officer | Available links: LinkedIn, Twitter"
circle,Team member: Kash Razzaghi | Roles: CBO | Available links: LinkedIn
circle,Team member: Jeremy Fox-Geen | Roles: CFO | Available links: LinkedIn
circle,"Team member: Brian Christman | Roles: Chief People Officer | Available links: LinkedIn, Twitter"
circle,Team member: Mandeep Walia | Roles: Chief Compliance & Risk Officer | Available links: LinkedIn
circle,"Team member: Gordon Liao | Roles: Chief Economist | Available links: LinkedIn, Twitter, Website"
circle,Team member: Rajeev Date | Roles: Board Member | Available links: LinkedIn
circle,Team member: Michele Burns | Roles: Board Member
circle,Team member: David Orfao | Roles: Board Member | Available links: LinkedIn
circle,Team member: Quan Zhou | Roles: Board Member
circle,Team member: Danita Ostling | Roles: Board Member | Available links: LinkedIn
circle,"Team member: Anita Sands | Roles: Board Member | Available links: LinkedIn, Twitter, Website"
circle,Team member: Craig Broderick | Roles: Board Member | Available links: LinkedIn
polychain-capital,"Team member: Olaf Carlson-Wee | Available links: LinkedIn, Twitter"
polychain-capital,Team member: Abhijeet Mahagaonkar | Roles: CTO | Available links: LinkedIn
polychain-capital,Team member: Matt Perona | Roles: COO | Available links: LinkedIn
polychain-capital,Team member: Mitch Nedved | Roles: CFO | Available links: LinkedIn
polychain-capital,Team member: Josh Rosenthal | Available links: LinkedIn
polychain-capital,Team member: Bobby Beniers | Roles: Research Partner | Available links: LinkedIn
polychain-capital,"Team member: Henry H | Roles: Research Partner | Available links: LinkedIn, Twitter"
polychain-capital,Team member: Nima Vaziri | Roles: Venture Partner | Available links: LinkedIn
polychain-capital,"Team member: Matt Mochary | Roles: Advisor | Available links: LinkedIn, Twitter"
spartan-group,"Team member: Kelvin Koh | Available links: LinkedIn, Twitter"
spartan-group,"Team member: Melody He | Available links: LinkedIn, Twitter"
spartan-group,"Team member: Casper Johansen | Available links: LinkedIn, Twitter"
spartan-group,"Team member: Audrey Taylor-Akwenye | Roles: CTO | Available links: LinkedIn, Twitter"
spartan-group,"Team member: Adrian Lai | Roles: Chief Creative Officer  | Available links: LinkedIn, Twitter"
spartan-group,Team member: Li Hui Teo | Roles: Legal & Compliance Officer | Available links: LinkedIn
galaxy-digital,Team member: Michael Novogratz | Available links: LinkedIn
galaxy-digital,Team member: Sam Englebardt | Available links: LinkedIn
galaxy-digital,"Team member: Dan Zuller | Available links: LinkedIn, Twitter"
galaxy-digital,Team member: Mike Giampapa | Roles: General Partner | Available links: LinkedIn
galaxy-digital,Team member: Will Nuelle | Roles: General Partner | Available links: LinkedIn
galaxy-digital,"Team member: Christopher Ferraro | Available links: LinkedIn, Twitter"
galaxy-digital,"Team member: Damien Vanderwilt | Available links: LinkedIn, Twitter"
galaxy-digital,Team member: Erin Brown | Roles: COO | Available links: LinkedIn
galaxy-digital,Team member: Andrew Siegel | Available links: LinkedIn
galaxy-digital,Team member: Lagan Srivastava | Roles: Chief Compliance Officer | Available links: LinkedIn
galaxy-digital,Team member: Leinee Hornbeck | Roles: Chief People Officer | Available links: LinkedIn
galaxy-digital,Team member: Alex Ioffe | Roles: CFO | Available links: LinkedIn
galaxy-digital,Team member: Thomas Harrop | Roles: CRO | Available links: LinkedIn
galaxy-digital,"Team member: Sebastian Benkert | Roles: CMO | Available links: LinkedIn, Twitter"
galaxy-digital,Team member: Eddie Schwartz | Available links: LinkedIn
galaxy-digital,Team member: Michael Daffey
galaxy-digital,"Team member: Neal Katyal | Available links: LinkedIn, Twitter"
galaxy-digital,Team member: Bill Koutsouras | Roles: Member Board of Directors | Available links: LinkedIn
galaxy-digital,Team member: Jane Dietze | Roles: Member Board of Directors | Available links: LinkedIn
galaxy-digital,Team member: Dominic Docherty | Roles: Member Board of Directors | Available links: LinkedIn
galaxy-digital,Team member: Rhonda Adams Medina | Roles: Member Board of Directors | Available links: LinkedIn
galaxy-digital,Team member: Rich Tavoso | Roles: Member Board of Directors | Available links: LinkedIn
galaxy-digital,Team member: Chloe Tatosian | Available links: LinkedIn
galaxy-digital,Team member: Jaisel Sandhu | Roles: EIR | Available links: LinkedIn
galaxy-digital,"Team member: Yi Tong | Roles: Principal | Available links: LinkedIn, Twitter"
andreessen-horowitz,Team member: Marc Andreessen | Roles: Co-Founder | Available links: Twitter
andreessen-horowitz,"Team member: Ben Horowitz | Roles: Co-Founder | Available links: LinkedIn, Twitter"
andreessen-horowitz,"Team member: Chris Dixon | Available links: LinkedIn, Twitter, Website"
andreessen-horowitz,"Team member: Anthony Albanese | Available links: LinkedIn, Twitter"
andreessen-horowitz,"Team member: Christopher Lyons | Available links: LinkedIn, Twitter"
andreessen-horowitz,"Team member: Ali Yahya | Roles: General Partner | Available links: LinkedIn, Twitter"
andreessen-horowitz,Team member: Sriram Krishnan | Roles: General Partner | Available links: Twitter
andreessen-horowitz,Team member: Ariana Simpson | Roles: General Partner | Available links: Twitter
andreessen-horowitz,"Team member: Eddy Lazarin | Roles: CTO | Available links: LinkedIn, Twitter"
andreessen-horowitz,Team member: Jai Ramaswamy | Roles: CLO | Available links: LinkedIn
andreessen-horowitz,"Team member: Kim Milosevich | Roles: CMO | Available links: LinkedIn, Twitter"
andreessen-horowitz,Team member: Scott Walker | Roles: Chief Compliance Officer | Available links: LinkedIn
andreessen-horowitz,"Team member: Milles Jennigs | Roles: General Counsel | Available links: LinkedIn, Twitter"
andreessen-horowitz,"Team member: Ed Lynch | Roles: Strategic Finance Partner | Available links: LinkedIn, Twitter"
andreessen-horowitz,Team member: Emily Westerhold | Roles: Financial Operations Partner | Available links: LinkedIn
andreessen-horowitz,"Team member: Jason Rosenthal | Available links: LinkedIn, Twitter"
andreessen-horowitz,Team member: Joshua Grimm | Roles: Finance Controller  | Available links: LinkedIn
andreessen-horowitz,"Team member: Robin Guo | Roles: Gaming Investment Partner | Available links: LinkedIn, Twitter"
andreessen-horowitz,"Team member: Justin Kahl | Roles: Investment Partner | Available links: LinkedIn, Twitter"
andreessen-horowitz,"Team member: Carra Wu | Roles: Investment Partner | Available links: LinkedIn, Twitter"
andreessen-horowitz,"Team member: Elizabeth Harkavy | Roles: Investment Partner | Available links: LinkedIn, Twitter"
andreessen-horowitz,"Team member: Guy Wuollet | Roles: Investment Partner | Available links: LinkedIn, Twitter, Website"
andreessen-horowitz,Team member: Mariano Sorgente | Roles: Investment Partner | Available links: Twitter
andreessen-horowitz,Team member: Mason Hall | Roles: Investment Partner | Available links: LinkedIn
andreessen-horowitz,"Team member: Michael Blau | Roles: Investment Partner | Available links: LinkedIn, Twitter, Website"
andreessen-horowitz,"Team member: Porter Smith | Roles: Investment Partner | Available links: LinkedIn, Twitter"
andreessen-horowitz,"Team member: Valeria Nikolaenko | Roles: Research Partner | Available links: LinkedIn, Twitter, Website"
andreessen-horowitz,Team member: Justin Thaler | Roles: Research Partner | Available links: Twitter
andreessen-horowitz,Team member: Joseph Bonneau | Roles: Research Partner | Available links: Website
andreessen-horowitz,"Team member: Sam Broner | Roles: Partner | Available links: LinkedIn, Twitter"
andreessen-horowitz,Team member: Pyrs Carvolth | Roles: Partner | Available links: LinkedIn
andreessen-horowitz,"Team member: Maggie Hsu | Roles: Partner | Available links: LinkedIn, Twitter"
andreessen-horowitz,"Team member: Jay Drain | Roles: Partner | Available links: LinkedIn, Twitter, Website"
andreessen-horowitz,Team member: Alex Immerman | Roles: Partner | Available links: LinkedIn
andreessen-horowitz,"Team member: Jane Lippencott | Roles: Partner | Available links: LinkedIn, Twitter"
andreessen-horowitz,"Team member: Ross Shuel | Roles: Associate | Available links: LinkedIn, Twitter"
andreessen-horowitz,"Team member: Dan Boneh | Roles: Senior Research Advisor | Available links: LinkedIn, Twitter"
andreessen-horowitz,Team member: Richard Rosenblatt | Roles: Senior Advisor | Available links: Twitter
andreessen-horowitz,Team member: Sep Kamvar | Roles: Advisor | Available links: Twitter
andreessen-horowitz,"Team member: Packy McCormic | Roles: Advisor | Available links: LinkedIn, Twitter"
andreessen-horowitz,Team member: Bill Hillman | Roles: Advisor | Available links: LinkedIn
dragon-fly-capital,Team member: Bo Feng | Available links: LinkedIn
dragon-fly-capital,"Team member: Haseeb Qureshi | Roles: Managing Partner | Available links: LinkedIn, Twitter"
dragon-fly-capital,"Team member: Tom Schmidt | Roles: General Partner | Available links: LinkedIn, Twitter"
dragon-fly-capital,"Team member: Rob Hadick | Roles: General Partner | Available links: LinkedIn, Twitter"
dragon-fly-capital,"Team member: Lindsay Lin | Available links: LinkedIn, Twitter"
dragon-fly-capital,Team member: Sylvia Liu | Roles: CFO | Available links: LinkedIn
dragon-fly-capital,"Team member: Scott Hershorin | Roles: Chief Compliance Officer | Available links: LinkedIn, Twitter"
dragon-fly-capital,Team member: Chris Ahsing | Roles: Talent Partner | Available links: LinkedIn
dragon-fly-capital,Team member: Mikh Jones | Roles: Talent Partner | Available links: Twitter
dragon-fly-capital,"Team member: Ivan Bogatyy | Roles: Research Partner | Available links: LinkedIn, Twitter"
dragon-fly-capital,"Team member: Anirudh Pai | Roles: Partner | Available links: LinkedIn, Twitter"
dragon-fly-capital,"Team member: Gengmo Qi | Roles: Partner | Available links: LinkedIn, Twitter"
dragon-fly-capital,Team member: Cheryl Chan | Roles: Partner | Available links: LinkedIn
dragon-fly-capital,"Team member: Kadin Donohoe | Roles: Junior Partner | Available links: LinkedIn, Twitter"
dragon-fly-capital,Team member: Omar Kanji | Roles: Junior Partner | Available links: Twitter
dragon-fly-capital,"Team member: Sanat Kapur | Roles: Junior Partner | Available links: LinkedIn, Twitter"
dragon-fly-capital,"Team member: Rune Christensen | Roles: Venture Partner | Available links: LinkedIn, Twitter"
dragon-fly-capital,Team member: Chase Lochmiller | Roles: Venture Partner | Available links: Twitter
dragon-fly-capital,Team member: Gordon Chen | Roles: Venture Partner | Available links: LinkedIn
paradigm,"Team member: Fred Ehrsam | Available links: LinkedIn, Twitter"
paradigm,"Team member: Matt Huang | Available links: LinkedIn, Twitter"
paradigm,"Team member: Alana Palmedo | Available links: LinkedIn, Twitter"
paradigm,"Team member: Dan Robinson | Available links: LinkedIn, Twitter"
paradigm,"Team member: Charlie Noyes | Roles: General Partner | Available links: LinkedIn, Twitter"
paradigm,Team member: James Miller | Roles: Chief Investment Officer | Available links: LinkedIn
paradigm,"Team member: Katie Biber | Roles: CLO | Available links: LinkedIn, Twitter"
paradigm,Team member: Alex Popescu | Available links: LinkedIn
paradigm,"Team member: Georgios Konstantopoulos | Available links: LinkedIn, Twitter"
paradigm,"Team member: ZachXBT | Roles: Advisor | Available links: Twitter, Telegram"
paradigm,"Team member: Arjun Balaji | Roles: Investment Partner | Available links: LinkedIn, Twitter"
paradigm,"Team member: Doug Feagin | Roles: Investment Partner | Available links: LinkedIn, Twitter"
paradigm,"Team member: Caitlin Pintavorn | Roles: Investment Partner | Available links: LinkedIn, Twitter"
paradigm,"Team member: Samczsun | Available links: LinkedIn, Twitter"
paradigm,"Team member: Dave White | Roles: Research Partner | Available links: LinkedIn, Twitter"
paradigm,Team member: Frankie | Roles: Research Partner | Available links: Twitter
paradigm,Team member: Dan McCarthy | Roles: Talent Partner | Available links: LinkedIn
paradigm,Team member: Alexander Walterspiel | Available links: LinkedIn
paradigm,"Team member: Rodrigo Seira | Available links: LinkedIn, Twitter"
paradigm,Team member: Jackson Dahl | Roles: Venture Partner | Available links: LinkedIn
paradigm,Team member: Josh Harris | Roles: EIR | Available links: Twitter
sequoia-capital,Team member: Don Valentine | Roles: Founder
sequoia-capital,Team member: Sumaiya Balbale | Available links: LinkedIn
sequoia-capital,Team member: Robin Chang | Roles: CCO | Available links: LinkedIn
sequoia-capital,"Team member: Avon Puri | Roles: Global CDO | Available links: LinkedIn, Twitter"
sequoia-capital,Team member: Bijan Poustinchian | Roles: Chief of Staff | Available links: LinkedIn
sequoia-capital,Team member: Jung Yeon Son | Roles: CLO | Available links: LinkedIn
sequoia-capital,"Team member: Caleb Tennis | Roles: CISO | Available links: LinkedIn, Website"
sequoia-capital,Team member: Don Vieira
sequoia-capital,Team member: Cindy Lee | Roles: General Counsel | Available links: LinkedIn
sequoia-capital,"Team member: Stephanie Zhan | Roles: Partner | Available links: LinkedIn, Twitter"
sequoia-capital,"Team member: Mike Vernal | Roles: Partner | Available links: LinkedIn, Twitter"
sequoia-capital,"Team member: Bryan Schreier | Roles: Partner | Available links: LinkedIn, Twitter"
sequoia-capital,"Team member: George Robson | Roles: Partner | Available links: LinkedIn, Twitter"
sequoia-capital,"Team member: Lauren Reeder | Roles: Partner | Available links: LinkedIn, Twitter"
sequoia-capital,"Team member: Cornelius Menke | Roles: Partner | Available links: LinkedIn, Twitter"
sequoia-capital,"Team member: Shaun Maguire | Roles: Partner | Available links: LinkedIn, Twitter"
sequoia-capital,"Team member: Luciana Lixandru | Roles: Partner | Available links: LinkedIn, Twitter"
sequoia-capital,"Team member: Alfred Lin | Roles: Partner | Available links: LinkedIn, Twitter"
sequoia-capital,Team member: Douglas Leone | Roles: Partner | Available links: LinkedIn
sequoia-capital,"Team member: Jess Lee | Roles: Partner | Available links: LinkedIn, Twitter"
sequoia-capital,"Team member: Jim Goetz | Roles: Partner | Available links: LinkedIn, Twitter"
sequoia-capital,"Team member: Charlie Curnin | Roles: Partner | Available links: LinkedIn, Twitter"
sequoia-capital,Team member: Bill Coughran | Roles: Partner | Available links: LinkedIn
sequoia-capital,"Team member: Josephine Chen | Roles: Partner | Available links: LinkedIn, Twitter"
sequoia-capital,"Team member: Konstantine Buhler | Roles: Partner | Available links: LinkedIn, Twitter"
sequoia-capital,"Team member: Roelof Botha | Roles: Partner | Available links: LinkedIn, Twitter"
sequoia-capital,Team member: Julien Bek | Roles: Partner | Available links: LinkedIn
sequoia-capital,"Team member: Bogomil Balkansky | Roles: Partner | Available links: LinkedIn, Twitter"
sequoia-capital,"Team member: Andrew Reed | Roles: Partner | Available links: LinkedIn, Twitter"
sequoia-capital,"Team member: Matt Miller | Roles: Partner | Available links: LinkedIn, Twitter"
sequoia-capital,"Team member: Kais Khimji | Roles: Partner | Available links: LinkedIn, Twitter"
sequoia-capital,"Team member: Sonya Huang | Roles: Partner | Available links: LinkedIn, Twitter"
sequoia-capital,"Team member: Dannie Herzberg | Roles: Partner | Available links: LinkedIn, Twitter"
sequoia-capital,"Team member: Ravi Gupta | Roles: Partner | Available links: LinkedIn, Twitter"
sequoia-capital,"Team member: Pat Grady | Roles: Partner | Available links: LinkedIn, Twitter"
sequoia-capital,Team member: James Flynn | Roles: Partner | Available links: LinkedIn
sequoia-capital,"Team member: Carl Eschenbach | Roles: Partner | Available links: LinkedIn, Twitter"
sequoia-capital,"Team member: David Cahn | Roles: Partner | Available links: LinkedIn, Twitter"
sequoia-capital,"Team member: Romie Boyd | Roles: Partner | Available links: LinkedIn, Twitter"
sequoia-capital,Team member: Isaiah Boone | Roles: Partner | Available links: LinkedIn
sequoia-capital,"Team member: Anas Biad | Roles: Partner | Available links: LinkedIn, Twitter"
sequoia-capital,Team member: Vickie Peng | Roles: Product Partner | Available links: LinkedIn
sequoia-capital,Team member: James Buckhouse | Roles: Design Partner | Available links: LinkedIn
sequoia-capital,Team member: Kathleen Forte | Roles: IR Partner | Available links: LinkedIn
sequoia-capital,"Team member: Stacey Gerber | Available links: LinkedIn, Twitter"
binance-labs,"Team member: Changpeng Zhao | Roles: Co-Founder | Available links: LinkedIn, Twitter"
binance-labs,Team member: Ella Zhang | Roles: Head of YZi Labs | Available links: Twitter
binance-labs,Team member: Dana Hou | Roles: Investment Partner | Available links: Twitter
binance-labs,Team member: Alex Odagiu | Roles: Investment Director | Available links: LinkedIn
binance-labs,Team member: Andy Chang | Roles: Investment Director | Available links: LinkedIn
binance-labs,Team member: Max Coniglio | Roles: Investment Director | Available links: LinkedIn
binance-labs,Team member: Nicola W. | Roles: Investment Director | Available links: Twitter
binance-labs,"Team member: Jane He | Roles: General Partner | Available links: LinkedIn, Twitter"
consensys,"Team member: Joseph Lubin | Available links: LinkedIn, Twitter"
consensys,"Team member: Rob Dawson | Roles: CTO | Available links: LinkedIn, Twitter"
consensys,Team member: Chris McKibbin | Roles: COO | Available links: LinkedIn
consensys,"Team member: Simon Morris | Roles: Chief Strategy Officer | Available links: LinkedIn, Twitter"
consensys,Team member: Cole D'Ambrosio | Roles: CFO | Available links: LinkedIn
consensys,Team member: Mark D. Young | Available links: LinkedIn
consensys,"Team member: Neal Gorevic | Roles: CMO | Available links: LinkedIn, Twitter"
consensys,"Team member: Jeremy Millar | Roles: Chief of Staff | Available links: LinkedIn, Twitter"
consensys,"Team member: Amanda Keleher | Roles: Chief People Officer | Available links: LinkedIn, Twitter"
consensys,"Team member: Matt Corva | Roles: General Counsel | Available links: LinkedIn, Twitter"
consensys,"Team member: Sarah Friar | Roles: Member Board of Directors | Available links: LinkedIn, Twitter"
consensys,"Team member: Dror Avieli | Available links: LinkedIn, Twitter"
consensys,"Team member: Michael Wuehler | Roles: Managing Director | Available links: LinkedIn, Twitter"
consensys,Team member: Guillaume Dechaux | Roles: Managing Director | Available links: LinkedIn
consensys,"Team member: Lars Schulze | Roles: Business Partner | Available links: LinkedIn, Twitter"
consensys,Team member: Benjamin Lavergne | Roles: Investment Principal | Available links: LinkedIn
consensys,Team member: John Zimmerebner | Roles: Senior Advisor | Available links: LinkedIn
consensys,Team member: William Luedtke | Roles: Special Advisor | Available links: LinkedIn
consensys,Team member: Monica Singer | Roles: Strategic Advisor | Available links: LinkedIn
multicoin-capital,"Team member: Kyle Samani | Available links: LinkedIn, Twitter"
multicoin-capital,"Team member: Tushar Jain | Available links: LinkedIn, Twitter"
multicoin-capital,"Team member: Vinny Lingham | Roles: General Partner | Available links: LinkedIn, Twitter"
multicoin-capital,Team member: Brian Smith | Available links: LinkedIn
multicoin-capital,"Team member: Gregory Xethalis | Available links: LinkedIn, Twitter"
multicoin-capital,"Team member: Daniel Leonardo | Available links: LinkedIn, Twitter"
multicoin-capital,"Team member: Matthew Shapiro | Available links: LinkedIn, Twitter"
multicoin-capital,"Team member: John Robert Reed | Available links: LinkedIn, Twitter"
multicoin-capital,"Team member: Spencer Applebaum | Roles: Investment Partner | Available links: LinkedIn, Twitter"
multicoin-capital,"Team member: Shayon Sengupta | Roles: Investment Partner | Available links: LinkedIn, Twitter"
multicoin-capital,"Team member: Vishal Kankani | Roles: Principal | Available links: LinkedIn, Twitter"
black-rock,Team member: Larry Fink | Available links: LinkedIn
black-rock,Team member: Rob Kapito
black-rock,Team member: Susan Wagner | Available links: LinkedIn
black-rock,Team member: Ben Golub | Available links: LinkedIn
black-rock,Team member: Ralph Schlosstein | Roles: Co-Founder
black-rock,Team member: Hugh Frater | Roles: Co-Founder | Available links: LinkedIn
black-rock,Team member: Barbara Novick | Roles: Co-Founder | Available links: LinkedIn
black-rock,Team member: Keith Anderson | Roles: Co-Founder
black-rock,Team member: Rob Fairbairn | Roles: Vice Chairman | Available links: LinkedIn
black-rock,Team member: Mark McCombe | Roles: Vice Chairman
black-rock,Team member: Gary Shedlin | Roles: Vice Chairman
black-rock,Team member: Samara Cohen | Roles: CIO | Available links: LinkedIn
black-rock,Team member: Rob Goldstein | Roles: COO | Available links: LinkedIn
black-rock,Team member: Chris Meade | Available links: LinkedIn
black-rock,Team member: Ed Fishwick | Roles: CRO | Available links: LinkedIn
black-rock,Team member: Martin Small | Roles: CFO | Available links: LinkedIn
black-rock,Team member: Bader M. Alsaad | Roles: Member Board of Directors
black-rock,Team member: Pamela Daley | Roles: Member Board of Directors
black-rock,Team member: William E. Ford | Roles: Member Board of Directors | Available links: LinkedIn
black-rock,Team member: Fabrizio Freda | Roles: Member Board of Directors | Available links: LinkedIn
black-rock,Team member: Murry Gerber | Roles: Member Board of Directors | Available links: LinkedIn
black-rock,"Team member: Peggy Johnson | Roles: Member Board of Directors | Available links: LinkedIn, Twitter"
black-rock,Team member: Cheryl Mills | Roles: Member Board of Directors
black-rock,Team member: Amin H. Nasser | Roles: Member Board of Directors | Available links: Twitter
black-rock,Team member: Gordon M. Nixon | Roles: Member Board of Directors
black-rock,Team member: Kristin Peck | Roles: Member Board of Directors | Available links: LinkedIn
black-rock,"Team member: Charles H. Robbins | Roles: Member Board of Directors | Available links: LinkedIn, Twitter"
black-rock,Team member: Marco Antonio Slim | Roles: Member Board of Directors | Available links: Twitter
black-rock,"Team member: Hans E. Vestberg | Roles: Member Board of Directors | Available links: LinkedIn, Twitter"
black-rock,Team member: Mark Wilson | Roles: Member Board of Directors
pantera-capital,"Team member: Dan Morehead | Available links: LinkedIn, Twitter"
pantera-capital,"Team member: Franklin Bi | Roles: Partner | Available links: LinkedIn, Twitter"
pantera-capital,"Team member: Paul Veradittakit | Roles: Managing Partner | Available links: LinkedIn, Twitter"
pantera-capital,Team member: Matt Gorham | Roles: COO | Available links: LinkedIn
pantera-capital,Team member: Marc Selfon | Roles: CFO | Available links: LinkedIn
pantera-capital,"Team member: Katrina Paglia | Roles: CLO | Available links: LinkedIn, Twitter"
pantera-capital,"Team member: Lauren Stephanian | Roles: Partner | Available links: LinkedIn, Twitter"
pantera-capital,Team member: Paul Brodsky | Roles: Partner | Available links: LinkedIn
pantera-capital,Team member: Reed Hunter Garetto | Roles: Principal | Available links: LinkedIn
pantera-capital,"Team member: Cosmo Jiang | Roles: Portfolio Manager | Available links: LinkedIn, Twitter"
pantera-capital,Team member: Chia Jeng Yang | Roles: Principal | Available links: LinkedIn
pantera-capital,"Team member: Ryan Barney | Roles: Principal | Available links: LinkedIn, Twitter"
blockchain-capital,"Team member: Bart Stephens | Available links: LinkedIn, Twitter"
blockchain-capital,"Team member: Brad Stephens | Available links: LinkedIn, Twitter"
blockchain-capital,"Team member: Aleks Larsen | Roles: General Partner | Available links: LinkedIn, Twitter"
blockchain-capital,"Team member: Kinjal Shah | Roles: General Partner | Available links: LinkedIn, Twitter"
blockchain-capital,Team member: Tony Schmidt | Available links: LinkedIn
blockchain-capital,Team member: Zalia Aliriza | Available links: LinkedIn
blockchain-capital,"Team member: Joshua Rivera | Available links: LinkedIn, Twitter"
blockchain-capital,"Team member: Caleb Tebbe | Roles: Principal Research Engineer | Available links: LinkedIn, Twitter"
blockchain-capital,"Team member: Spencer Bogart | Roles: Principal Research Engineer | Available links: LinkedIn, Twitter"
blockchain-capital,"Team member: Yuan Han Li | Roles: Principal | Available links: LinkedIn, Twitter"
blockchain-capital,"Team member: Alan Curtis | Roles: Venture Partner | Available links: LinkedIn, Twitter"
blockchain-capital,Team member: Alison Davis | Roles: Chairman of Advisory Board | Available links: LinkedIn
blockchain-capital,Team member: Eric Sippel | Roles: Advisor | Available links: LinkedIn
blockchain-capital,"Team member: Gavin Wood | Roles: Advisor | Available links: Twitter, Website"
blockchain-capital,Team member: Jose Fernandez da Ponte | Roles: Advisor | Available links: LinkedIn
blockchain-capital,Team member: Mary Cranston | Roles: Advisor | Available links: LinkedIn
blockchain-capital,Team member: Michael Rolnick | Roles: Advisor | Available links: LinkedIn
blockchain-capital,Team member: Mike Brock | Roles: Advisor | Available links: LinkedIn
blockchain-capital,Team member: Michael Novogratz | Roles: Advisor | Available links: LinkedIn
blockchain-capital,Team member: Sonja Perkins | Roles: Advisor | Available links: LinkedIn
blockchain-capital,Team member: Terry Schwakopf | Roles: Advisor | Available links: LinkedIn
y-combinator,Team member: Robert Tappan Morris | Roles: Co-Founder
y-combinator,"Team member: Trevor Blackwell | Roles: Co-Founder | Available links: LinkedIn, Twitter"
y-combinator,"Team member: Paul Graham | Roles: Co-Founder | Available links: Twitter, Website"
y-combinator,Team member: Jessica Livingston | Roles: Co-Founder | Available links: LinkedIn
y-combinator,"Team member: Garry Tan | Available links: LinkedIn, Twitter"
y-combinator,Team member: Dalton Caldwell | Available links: LinkedIn
y-combinator,"Team member: Jared Friedman | Available links: LinkedIn, Twitter"
y-combinator,"Team member: Michael Seibel | Available links: LinkedIn, Twitter"
y-combinator,"Team member: Harj Taggar | Available links: LinkedIn, Twitter"
y-combinator,Team member: Nicole Christa Cadman | Roles: General Counsel | Available links: LinkedIn
y-combinator,"Team member: Gustaf Alstromer | Roles: Group Partner | Available links: LinkedIn, Twitter"
y-combinator,"Team member: Tom Blomfield | Roles: Group Partner | Available links: LinkedIn, Twitter"
y-combinator,Team member: Paul Buchheit | Roles: Group Partner | Available links: Twitter
y-combinator,"Team member: Nicolas Dessaigne | Roles: Group Partner | Available links: LinkedIn, Twitter"
y-combinator,"Team member: Aaron Epstein | Roles: Group Partner | Available links: LinkedIn, Twitter"
y-combinator,"Team member: Brad Flora | Roles: Group Partner | Available links: LinkedIn, Twitter"
y-combinator,"Team member: Diana Hu | Roles: Group Partner | Available links: LinkedIn, Twitter"
y-combinator,"Team member: Pete Koomen | Roles: Group Partner | Available links: LinkedIn, Twitter"
y-combinator,"Team member: Surbhi Sarna | Roles: Group Partner | Available links: LinkedIn, Twitter"
y-combinator,Team member: Nicole Christa Cadman | Roles: General Counsel | Available links: LinkedIn
y-combinator,Team member: Arnav Sahu | Roles: Principal | Available links: LinkedIn
animoca-brands,"Team member: Yat Siu | Available links: LinkedIn, Twitter"
animoca-brands,Team member: David Kim | Roles: Co-Founder | Available links: LinkedIn
animoca-brands,"Team member: Robby Yung | Roles: CEO | Available links: LinkedIn, Twitter"
animoca-brands,"Team member: Minh Do | Roles: COO | Available links: LinkedIn, Twitter"
animoca-brands,Team member: Jared Shaw | Roles: CFO | Available links: LinkedIn
animoca-brands,"Team member: Alan Lau | Roles: CBO | Available links: LinkedIn, Twitter"
animoca-brands,"Team member: Yusuf Goolamabbas | Roles: Chief Knowledge Officer | Available links: LinkedIn, Twitter"
animoca-brands,Team member: Ibrahim El-Mouelhy | Roles: Chief Communications Officer | Available links: LinkedIn
animoca-brands,"Team member: Evan Auyang | Roles: co-COO | Available links: LinkedIn, Twitter"
animoca-brands,"Team member: Steve Ip | Roles: Venture Partner | Available links: LinkedIn, Twitter"
animoca-brands,Team member: Jerome Wong | Available links: LinkedIn
animoca-brands,"Team member: Arthur Madrid | Roles: Board Member | Available links: LinkedIn, Twitter"
animoca-brands,Team member: Arnoldo Concepcion | Available links: LinkedIn
animoca-brands,Team member: Tetsuo Ochi | Roles: Board Member | Available links: LinkedIn
animoca-brands,Team member: Cheeech | Roles: Senior Advisor | Available links: Twitter
animoca-brands,"Team member: Joel Comm | Roles: Strategic Advisor | Available links: LinkedIn, Twitter, Website"
animoca-brands,"Team member: Travis Wright | Roles: Strategic Advisor | Available links: LinkedIn, Twitter"
animoca-brands,Team member: Davide Santillo | Roles: Growth Advisor | Available links: LinkedIn
animoca-brands,"Team member: Zaf Chow | Roles: Advisor | Available links: LinkedIn, Twitter"
animoca-brands,Team member: Holly Liu | Roles: Advisor | Available links: LinkedIn
animoca-brands,Team member: Louise Tabbiner | Roles: Advisor | Available links: LinkedIn
animoca-brands,Team member: Christopher Chan | Roles: Advisor | Available links: LinkedIn
quantstamp,Team member: Richard Ma | Available links: LinkedIn
quantstamp,"Team member: Don Ho | Roles: Managing Director | Available links: LinkedIn, Twitter"
amber-group,"Team member: Michael Wu | Available links: LinkedIn, Twitter"
amber-group,Team member: Wayne Huo | Available links: LinkedIn
amber-group,Team member: Thomas Zhu | Available links: LinkedIn
amber-group,Team member: Luke Li | Available links: LinkedIn
amber-group,Team member: Tony He | Available links: LinkedIn
amber-group,"Team member: Annabelle Huang | Roles: Managing Partner | Available links: LinkedIn, Twitter"
amber-group,Team member: Steve Zhang | Roles: CFO | Available links: LinkedIn
amber-group,Team member: Lin Ma | Available links: LinkedIn
amber-group,Team member: Beidi Shao | Available links: LinkedIn
amber-group,Team member: Delroy Fong | Available links: LinkedIn
amber-group,Team member: Yi Bao | Available links: LinkedIn
amber-group,Team member: Steven Shi | Roles: Investment Partner | Available links: LinkedIn
amber-group,Team member: Austin Munoz | Roles: Investment Partner | Available links: LinkedIn
amber-group,Team member: Yongcheng He | Roles: Partner | Available links: LinkedIn
amber-group,Team member: Vicky Kejia Wang | Roles: Partner | Available links: LinkedIn
amber-group,Team member: Bo Shen | Roles: Board Director | Available links: Twitter
amber-group,Team member: Wenbo Yu | Roles: Board Director
amber-group,Team member: Robert McTague | Available links: LinkedIn
greenfield-one,"Team member: Sebastian Blum | Available links: LinkedIn, Twitter"
greenfield-one,"Team member: Jascha Samadi | Available links: LinkedIn, Twitter"
greenfield-one,Team member: Andrzej Dzius | Available links: LinkedIn
greenfield-one,"Team member: Christian Zimmermann | Available links: LinkedIn, Twitter"
greenfield-one,"Team member: Felix Machart | Roles: Partner | Available links: LinkedIn, Twitter"
greenfield-one,"Team member: David An | Roles: Venture Partner | Available links: LinkedIn, Twitter"
greenfield-one,"Team member: Claude Donze | Roles: Principal | Available links: LinkedIn, Twitter"
greenfield-one,"Team member: Gleb Dudka | Roles: Principal | Available links: LinkedIn, Twitter"
polygon-ventures,Team member: Shreyansh Singh | Roles: Head of Investments
polygon-ventures,Team member: Michael Cieri | Available links: LinkedIn
polygon-ventures,"Team member: Abhishek Saxena | Roles: Investment Lead | Available links: LinkedIn, Twitter"
polygon-ventures,Team member: Aaron Scott Elkin | Roles: Portoflio Manager | Available links: LinkedIn
polygon-ventures,Team member: Steve Lonhart | Roles: Investment Analyst | Available links: LinkedIn
polygon-ventures,Team member: Nathan Gurr | Roles: Investment Analyst | Available links: LinkedIn
polygon-ventures,Team member: Snigdha Thalapally | Roles: Chief of Staff | Available links: LinkedIn
polygon-ventures,Team member: Yvette Tao | Roles: Finance Director
fenbushi-capital,Team member: Bo Shen | Available links: Twitter
fenbushi-capital,Team member: Xiao Feng | Roles: Co-Founder | Available links: LinkedIn
fenbushi-capital,Team member: Frank Fu | Roles: Venture Partner | Available links: LinkedIn
fenbushi-capital,"Team member: Remington Ong | Roles: Partner | Available links: LinkedIn, Twitter"
fenbushi-capital,Team member: Wenbo Yu | Roles: Partner
fenbushi-capital,Team member: Rin Huang | Roles: Partner | Available links: LinkedIn
fenbushi-capital,Team member: Ming Duan | Roles: Partner | Available links: LinkedIn
fenbushi-capital,"Team member: Peter Yang | Roles: Managing Director | Available links: LinkedIn, Twitter"
fenbushi-capital,Team member: Roland Sun | Roles: General Counsel | Available links: Twitter
fenbushi-capital,Team member: Vitalik Buterin | Roles: Advisor | Available links: Twitter
6th-man-ventures,"Team member: Mike Dudas | Available links: LinkedIn, Twitter"
6th-man-ventures,"Team member: Serge Kassardjian | Available links: LinkedIn, Twitter"
6th-man-ventures,"Team member: Carl Vogel | Roles: Partner | Available links: LinkedIn, Twitter"
6th-man-ventures,"Team member: Aaron Kern | Roles: Partner | Available links: LinkedIn, Twitter"
hypersphereventures,"Team member: Jack Platts | Roles: Co-Founder | Available links: LinkedIn, Twitter"
hypersphereventures,Team member: Robert Habermeier | Roles: Co-Founder
hypersphereventures,Team member: Luke Mazey | Available links: LinkedIn
hypersphereventures,Team member: Michael Friedlander | Available links: LinkedIn
hypersphereventures,Team member: Denise Anderson | Roles: CLO | Available links: LinkedIn
hypersphereventures,"Team member: Amir Almaimani | Roles: Investment Partner | Available links: LinkedIn, Twitter"
hypersphereventures,Team member: Ray Bell | Roles: Senior Finance Associate | Available links: LinkedIn
lightspeed-venture-partners,Team member: Anand Iyer | Roles: Venture Partner | Available links: LinkedIn
lightspeed-venture-partners,Team member: Eric Traupe | Roles: Operating Partner | Available links: LinkedIn
lightspeed-venture-partners,"Team member: Jeremy Liew | Roles: Partner | Available links: LinkedIn, Twitter"
lightspeed-venture-partners,Team member: John W. Thompson | Roles: Venture Partner | Available links: LinkedIn
lightspeed-venture-partners,Team member: Jonathan MacQuitty | Roles: Partner
lightspeed-venture-partners,Team member: Mark Anderson | Roles: Venture Partner | Available links: LinkedIn
lightspeed-venture-partners,Team member: Michael Carpenter | Roles: Venture Partner | Available links: LinkedIn
lightspeed-venture-partners,Team member: Nakul Mandan | Roles: Venture Partner | Available links: LinkedIn
lightspeed-venture-partners,Team member: Abril Zucchi | Roles: Partner | Available links: Twitter
lightspeed-venture-partners,Team member: Shaurya Aggarwal | Roles: Partner | Available links: LinkedIn
lightspeed-venture-partners,Team member: Taggart Bonham | Roles: Partner | Available links: LinkedIn
lightspeed-venture-partners,Team member: Tal Morgenstern | Roles: Partner | Available links: LinkedIn
lightspeed-venture-partners,Team member: Will Kohler | Roles: Partner
lightspeed-venture-partners,Team member: Yoni Cheifetz | Roles: Partner | Available links: LinkedIn
lightspeed-venture-partners,Team member: Yonit Wiseman | Roles: Partner | Available links: LinkedIn
rockaway-blockchain-fund,"Team member: Marek Sandrik | Roles: Principal | Available links: LinkedIn, Twitter"
rockaway-blockchain-fund,Team member: Radek Horak | Available links: LinkedIn
rockaway-blockchain-fund,"Team member: Tomas Eminger | Roles: CTO | Available links: LinkedIn, Twitter"
rockaway-blockchain-fund,Team member: Liba Vosahlikova | Roles: COO | Available links: LinkedIn
rockaway-blockchain-fund,Team member: Samantha Bohbot | Available links: LinkedIn
rockaway-blockchain-fund,"Team member: Dusan Kovacic | Roles: Venture Partner | Available links: LinkedIn, Twitter"
rockaway-blockchain-fund,Team member: Hassan Bassiri | Roles: Partner | Available links: Twitter
rockaway-blockchain-fund,"Team member: Alex Laughton-Scott | Roles: Head of Capital Formation | Available links: LinkedIn, Twitter"
rockaway-blockchain-fund,Team member: David Rakusan | Roles: Investment Manager | Available links: LinkedIn
rockaway-blockchain-fund,Team member: Dagmar Gabulova | Roles: Investor Relations | Available links: LinkedIn
framework-ventures,"Team member: Vance Spencer | Roles: Co-Founder | Available links: LinkedIn, Twitter"
framework-ventures,"Team member: Michael Anderson | Roles: Co-Founder | Available links: LinkedIn, Twitter"
framework-ventures,Team member: Monique Miller | Roles: Chief Compliance Officer | Available links: LinkedIn
framework-ventures,Team member: John DiCerbo | Roles: CFO | Available links: LinkedIn
framework-ventures,Team member: Matt Aronson | Roles: Board Director | Available links: LinkedIn
framework-ventures,Team member: Adam Badrawi | Available links: LinkedIn
framework-ventures,"Team member: Brandon Potts | Roles: Partner | Available links: LinkedIn, Twitter"
framework-ventures,"Team member: Roy Learner | Roles: Partner | Available links: LinkedIn, Twitter"
framework-ventures,Team member: Eric Swartz | Roles: General Counsel | Available links: LinkedIn
framework-ventures,"Team member: Rajiv Patel O'Connor | Roles: Principal | Available links: LinkedIn, Twitter"
mirana-ventures,"Team member: David Toh | Roles: Managing Partner | Available links: LinkedIn, Twitter"
mirana-ventures,"Team member: Jonathan Allen | Roles: Venture Partner | Available links: LinkedIn, Twitter"
mirana-ventures,"Team member: Arun Devabhaktuni | Roles: Venture Partner | Available links: LinkedIn, Twitter"
mirana-ventures,Team member: Mavis Xu | Roles: Partner | Available links: LinkedIn
mirana-ventures,"Team member: Alex Liu | Roles: Partner | Available links: LinkedIn, Twitter"
mirana-ventures,Team member: Isaac Choo | Roles: Principal | Available links: LinkedIn
mirana-ventures,Team member: Alina Chua | Roles: Associate | Available links: LinkedIn
mirana-ventures,"Team member: Zoey Zhou | Roles: Associate | Available links: LinkedIn, Twitter"
electric-capital,"Team member: Avichal Garg | Available links: LinkedIn, Twitter"
electric-capital,"Team member: Curtis Spencer | Available links: LinkedIn, Twitter"
electric-capital,"Team member: Maria Shen | Roles: General Partner | Available links: LinkedIn, Twitter"
electric-capital,"Team member: Ken Deeter | Roles: General Partner | Available links: LinkedIn, Twitter"
electric-capital,Team member: Ren | Roles: Partner | Available links: Twitter
electric-capital,Team member: Thuan Le | Roles: Partner | Available links: LinkedIn
electric-capital,"Team member: Emily Meyers | Available links: LinkedIn, Twitter"
electric-capital,Team member: Timothy Dougherty | Roles: Finance Associate | Available links: LinkedIn
electric-capital,"Team member: Elad Gil | Roles: Advisor | Available links: LinkedIn, Twitter"
electric-capital,"Team member: Akash Garg | Roles: Advisor | Available links: LinkedIn, Twitter"
electric-capital,Team member: Jay Clayton | Roles: Advisor
electric-capital,Team member: Kevin Warsh | Roles: Advisor
electric-capital,Team member: Pratiti Raychoudhury | Roles: Advisor | Available links: LinkedIn
electric-capital,"Team member: Rebecca Rettig | Roles: Advisor | Available links: LinkedIn, Twitter"
standard-crypto,Team member: Adam Goldberg | Roles: Co-Founder | Available links: LinkedIn
standard-crypto,Team member: Alok Vasudev | Roles: Co-Founder | Available links: LinkedIn
standard-crypto,Team member: Ashley Sweren | Available links: LinkedIn
standard-crypto,Team member: Colin Hong | Roles: Venture Partner | Available links: Twitter
standard-crypto,"Team member: Gavi Galloway | Roles: Head of Engineering | Available links: LinkedIn, Twitter"
standard-crypto,Team member: Steven Silvio | Roles: Head of Investments | Available links: LinkedIn
coin-fund,"Team member: Jake Brukhman | Available links: LinkedIn, Twitter"
coin-fund,"Team member: Alex Felix | Available links: LinkedIn, Twitter"
coin-fund,"Team member: David Pakman | Available links: LinkedIn, Twitter, Website"
coin-fund,"Team member: Seth Ginns | Available links: LinkedIn, Twitter"
coin-fund,"Team member: Chris Perkins | Available links: LinkedIn, Twitter"
coin-fund,Team member: Asher Qureshi | Roles: CFO | Available links: LinkedIn
coin-fund,Team member: Stewart Eichner | Available links: LinkedIn
coin-fund,Team member: Einar Braathen | Roles: Partner | Available links: LinkedIn
coin-fund,"Team member: Evan Feng | Available links: LinkedIn, Twitter"
coin-fund,Team member: Matt Manley | Roles: Finance Operations Associate | Available links: LinkedIn
coin-fund,Team member: John DiBattista | Roles: Investor Services Associate | Available links: LinkedIn
variant,"Team member: Jesse Walden | Available links: LinkedIn, Twitter"
variant,Team member: Caleb Shough | Available links: Twitter
variant,"Team member: Jake Chervinsky | Roles: CLO | Available links: LinkedIn, Twitter"
variant,"Team member: Alana Levin | Roles: Investment Partner | Available links: LinkedIn, Twitter"
variant,"Team member: Geoff Hamilton | Roles: Investment Partner | Available links: LinkedIn, Twitter"
variant,"Team member: Derek Walkush | Roles: Investment Partner | Available links: LinkedIn, Twitter"
variant,"Team member: Cooper Kunz | Roles: Investment Partner | Available links: LinkedIn, Twitter"
variant,"Team member: Daniel Barabander | Available links: LinkedIn, Twitter"
variant,"Team member: Nina Suthers | Roles: CMO | Available links: LinkedIn, Twitter"
variant,Team member: Alli Pope | Roles: Director of Education | Available links: Twitter
variant,Team member: Tom Dils | Roles: Chief of Staff | Available links: Twitter
variant,Team member: Li Jin | Roles: Advisor | Available links: Twitter
variant,Team member: Calder Zwerling | Roles: Advisor | Available links: Twitter
variant,Team member: Austin Adams | Roles: Advisor | Available links: Twitter
variant,"Team member: Marc Boiron | Roles: Advisor | Available links: LinkedIn, Twitter"
unionsquare,"Team member: Nick Grossman | Roles: General Partner | Available links: LinkedIn, Twitter"
unionsquare,"Team member: Albert Wenger | Roles: Managing Partner | Available links: LinkedIn, Twitter"
unionsquare,"Team member: Andy Weissman | Roles: Managing Partner | Available links: LinkedIn, Twitter"
unionsquare,"Team member: Jared Hecht | Roles: Venture Partner | Available links: LinkedIn, Twitter"
unionsquare,Team member: John Buttrick | Roles: Venture Partner | Available links: Twitter
unionsquare,"Team member: Rebecca Kaden | Roles: Managing Partner | Available links: LinkedIn, Twitter"
unionsquare,Team member: Brad Burnham | Roles: Partner | Available links: Twitter
unionsquare,"Team member: Fred Wilson | Roles: Partner | Available links: LinkedIn, Twitter"
unionsquare,"Team member: Samson Mesele | Available links: LinkedIn, Twitter"
unionsquare,Team member: Jess Oynick | Roles: Head of Talent | Available links: LinkedIn
unionsquare,"Team member: Lauren Young | Roles: Head of Network Operations | Available links: LinkedIn, Twitter"
ribbit-capital,"Team member: Meyer Malka | Available links: LinkedIn, Twitter"
cmt-digital,Team member: Scott Casto | Roles: Co-Founder | Available links: LinkedIn
cmt-digital,"Team member: Jan-Dirk Lueders | Roles: Co-Founder | Available links: LinkedIn, Twitter"
cmt-digital,Team member: Colleen Sullivan | Roles: Co-Founder | Available links: LinkedIn
cmt-digital,Team member: Chad Feigel | Roles: COO | Available links: LinkedIn
cmt-digital,Team member: Rho Blank | Roles: Chief Administrative Officer | Available links: LinkedIn
cmt-digital,Team member: Scottland Keefer | Roles: Chief Compliance Officer | Available links: LinkedIn
cmt-digital,Team member: Christine Kailus | Roles: General Counsel | Available links: LinkedIn
cmt-digital,Team member: Joseph Lassen | Roles: Venture Partner | Available links: LinkedIn
cmt-digital,"Team member: Sam Hallene | Roles: Investment Partner | Available links: LinkedIn, Twitter"
cmt-digital,"Team member: Charlie Sandor | Roles: Investment Partner | Available links: LinkedIn, Twitter"
cmt-digital,"Team member: Augie Ilag | Roles: Investment Partner | Available links: LinkedIn, Twitter"
cmt-digital,"Team member: Roei Haviv | Roles: Investment Associate | Available links: LinkedIn, Twitter"
cmt-digital,Team member: Andrew Dyke | Roles: Operations Associate | Available links: LinkedIn
cmt-digital,Team member: Moo Lee | Roles: Operations Associate | Available links: LinkedIn
cmt-digital,Team member: Amanda Olson | Roles: Operations Associate | Available links: LinkedIn
dcg-group,"Team member: Barry Silbert | Available links: LinkedIn, Twitter"
dcg-group,"Team member: Mark Murphy | Roles: President | Available links: LinkedIn, Twitter"
dcg-group,Team member: Simon Koster | Roles: Chief Strategy Officer | Available links: LinkedIn
dcg-group,Team member: Lee L'Archevesque | Roles: CISO | Available links: LinkedIn
dcg-group,Team member: Mark Shifke | Roles: CFO | Available links: LinkedIn
dcg-group,Team member: Jenn Goodson | Roles: Chief Administrative Officer | Available links: LinkedIn
dcg-group,Team member: Carlos T. F. | Roles: Chief Security Officer | Available links: LinkedIn
dcg-group,Team member: Gustavo AM | Roles: Senior Associate | Available links: LinkedIn
dcg-group,Team member: Vishal Patil | Roles: Operations Associate | Available links: LinkedIn
dcg-group,Team member: Iman Chaya | Roles: Strategy & Ops Associate | Available links: LinkedIn
kenetic-capital,"Team member: Jehan Chu | Available links: LinkedIn, Twitter"
kenetic-capital,Team member: Lawrence Chu | Roles: Co-Founder | Available links: LinkedIn
kenetic-capital,Team member: Stephane Verhelst | Roles: Co-Founder | Available links: LinkedIn
kenetic-capital,Team member: John Fiorelli | Roles: Partner | Available links: LinkedIn
kenetic-capital,Team member: Daniel Weinberg | Roles: Chairman | Available links: LinkedIn
arrington-xrp-capital,Team member: Michael Arrington | Roles: Founder | Available links: Twitter
arrington-xrp-capital,Team member: Geoffrey Arone | Available links: LinkedIn
arrington-xrp-capital,Team member: Bhavik Patel | Available links: LinkedIn
arrington-xrp-capital,"Team member: Taryn Naidu | Available links: LinkedIn, Twitter"
arrington-xrp-capital,"Team member: Keli Callaghan | Available links: LinkedIn, Twitter"
arrington-xrp-capital,"Team member: Colton Conley | Roles: Principal | Available links: LinkedIn, Twitter"
slowventures,"Team member: Kevin Colleran | Roles: Managing Partner | Available links: LinkedIn, Twitter"
slowventures,"Team member: Sam Lessin | Roles: General Partner | Available links: LinkedIn, Twitter"
slowventures,"Team member: Will Quist | Roles: Partner | Available links: LinkedIn, Twitter"
slowventures,Team member: Billy Parks | Roles: Venture Partner | Available links: LinkedIn
slowventures,"Team member: Clay Robbins | Roles: Venture Partner | Available links: LinkedIn, Twitter"
slowventures,"Team member: Yoni Rechtman | Roles: Principal | Available links: Twitter, Website"
1kx,"Team member: Christopher Heymann | Roles: Founding Partner | Available links: LinkedIn, Twitter"
1kx,"Team member: Lasse Clausen | Roles: Founding Partner | Available links: LinkedIn, Twitter"
1kx,"Team member: Diana Biggs | Roles: Partner | Available links: LinkedIn, Twitter"
1kx,"Team member: Henry Brodie | Available links: LinkedIn, Twitter"
1kx,"Team member: Peter Pan | Roles: Partner | Available links: LinkedIn, Twitter"
1kx,Team member: Clare He | Roles: Managing Director | Available links: LinkedIn
1kx,"Team member: Valeriy Zamaraiev | Roles: CTO | Available links: LinkedIn, Twitter"
1kx,"Team member: Wei Dai | Roles: Research Partner | Available links: LinkedIn, Twitter, Website"
1kx,"Team member: Larry Florio | Roles: General Counsel | Available links: LinkedIn, Twitter"
maven11,"Team member: Joost van der Plas | Available links: LinkedIn, Twitter"
maven11,"Team member: Jochem Wieringa | Roles: Co-Founder | Available links: LinkedIn, Twitter"
maven11,"Team member: Balder Bomans | Available links: LinkedIn, Twitter"
maven11,"Team member: Mathijs van Esch | Roles: General Partner | Available links: LinkedIn, Twitter"
maven11,"Team member: Darius Rugys | Roles: Investment Partner | Available links: LinkedIn, Twitter"
maven11,"Team member: Mads Mathiesen | Roles: Research Partner | Available links: LinkedIn, Twitter"
maven11,"Team member: Pim Swart | Roles: Principal | Available links: LinkedIn, Twitter"
maven11,"Team member: Mustafa Al-Bassam | Roles: Advisor | Available links: LinkedIn, Twitter"
maven11,"Team member: Grigore Rosu | Roles: Advisor | Available links: LinkedIn, Twitter"
maven11,Team member: Ekram Ahmed | Roles: Advisor | Available links: Twitter
maven11,Team member: Chang Ng | Roles: Advisor | Available links: LinkedIn
maven11,"Team member: Joe Coll | Roles: Advisor | Available links: LinkedIn, Twitter"
wintermute,"Team member: Evgeny Gaevoy | Available links: LinkedIn, Twitter"
wintermute,Team member: Yoann Turpin | Roles: Co-Founder | Available links: LinkedIn
wintermute,Team member: Nalaka Gamage | Roles: CFO | Available links: LinkedIn
wintermute,Team member: Valentine Samko | Roles: CTO | Available links: LinkedIn
wintermute,"Team member: Marina Gurevich | Roles: COO | Available links: LinkedIn, Twitter"
wintermute,Team member: Lilian Tan | Roles: Chief Compliance Officer
wintermute,Team member: David Schafer | Roles: General Counsel | Available links: LinkedIn
boost-vc,"Team member: Adam Draper | Available links: LinkedIn, Twitter, Website"
boost-vc,"Team member: Brayton Williams | Roles: Co-Founder | Available links: LinkedIn, Twitter"
boost-vc,"Team member: Gus Domel | Roles: Principal | Available links: LinkedIn, Twitter"
boost-vc,Team member: Danielle Sosnick | Roles: Head of Post Investment Support | Available links: LinkedIn
boost-vc,"Team member: Mark Beylin | Roles: Associate | Available links: LinkedIn, Twitter"
boost-vc,"Team member: Maddie Callander | Roles: Partner | Available links: LinkedIn, Twitter"
iosg,"Team member: Jocy Lin | Roles: Founder | Available links: LinkedIn, Twitter"
iosg,"Team member: Gokhan Er | Roles: Managing Director | Available links: LinkedIn, Twitter"
iosg,"Team member: Kuan Huang | Roles: Managing Director | Available links: LinkedIn, Twitter"
iosg,Team member: Xinshu Dong | Roles: Venture Partner | Available links: Twitter
iosg,Team member: Dong Mo | Roles: Venture Partner | Available links: Twitter
iosg,"Team member: Deniz Omer | Roles: Venture Partner | Available links: LinkedIn, Twitter"
iosg,"Team member: Momir Amidzic | Roles: Principal | Available links: LinkedIn, Twitter"
iosg,"Team member: Ishanee Nagpurkar | Roles: Principal | Available links: LinkedIn, Twitter"
iosg,Team member: Jiawei Zhu | Roles: Principal | Available links: LinkedIn
iosg,Team member: Frank (Hao) Fu | Roles: Investment Associate | Available links: LinkedIn
iosg,"Team member: Wendy Z. | Roles: Associate | Available links: LinkedIn, Twitter"
iosg,Team member: Siddharth Rao | Roles: Associate | Available links: LinkedIn
iosg,Team member: Jiaping Wang | Roles: Venture Advisor | Available links: Twitter
iosg,Team member: Michael Kuan | Roles: Advisor
iosg,"Team member: Dawn Song | Roles: Advisor | Available links: LinkedIn, Twitter"
iosg,"Team member: Stefan George | Roles: Advisor | Available links: LinkedIn, Twitter"
iosg,"Team member: Shashank Agrawal | Roles: Advisor | Available links: LinkedIn, Twitter, Website"
iosg,"Team member: Raullen Chai | Roles: Advisor | Available links: LinkedIn, Twitter"
hack-vc,"Team member: Alexander Pack | Available links: LinkedIn, Twitter"
hack-vc,"Team member: Ed Roman | Available links: LinkedIn, Twitter"
hack-vc,"Team member: Rodney Yesep | Roles: General Partner | Available links: LinkedIn, Twitter"
hack-vc,"Team member: Roshun Patel | Roles: Partner | Available links: LinkedIn, Twitter"
hack-vc,"Team member: Sean Brown | Roles: Partner | Available links: LinkedIn, Twitter"
hack-vc,"Team member: Christopher Maree | Roles: Research Partner | Available links: LinkedIn, Twitter"
hack-vc,"Team member: Shane Barratt | Roles: Research Partner | Available links: LinkedIn, Twitter"
hack-vc,"Team member: Chichi Hong | Roles: Partner | Available links: LinkedIn, Twitter"
hack-vc,"Team member: Niraj Pant | Roles: Venture Partner | Available links: LinkedIn, Twitter"
hack-vc,"Team member: Nicole Sun | Roles: Venture Partner | Available links: LinkedIn, Twitter"
hack-vc,Team member: Herbie Fu | Roles: Partner | Available links: Twitter
hack-vc,"Team member: Daniel Bulaevsky | Available links: LinkedIn, Twitter"
hack-vc,"Team member: Jigar Shah | Roles: VP of Finance | Available links: LinkedIn, Twitter"
hack-vc,"Team member: Alex Botte | Available links: LinkedIn, Twitter"
hack-vc,Team member: Peter Hans | Available links: LinkedIn
hack-vc,"Team member: Julian Rachman | Roles: Venture Partner | Available links: LinkedIn, Twitter"
hack-vc,Team member: Hsin-Ju Chuang | Roles: Venture Partner | Available links: LinkedIn
hack-vc,"Team member: Min Kim | Roles: Venture Partner | Available links: LinkedIn, Twitter"
hack-vc,Team member: Hannah Nixon | Roles: Operations Manager | Available links: LinkedIn
web3-foundation,"Team member: Gavin Wood | Roles: Founder | Available links: Twitter, Website"
web3-foundation,"Team member: Fabian Gompf | Roles: CEO | Available links: LinkedIn, Twitter"
web3-foundation,Team member: Angie Darrow | Roles: CMO | Available links: LinkedIn
web3-foundation,Team member: Radhakrishna Dasari | Roles: Technical Education Lead | Available links: LinkedIn
web3-foundation,Team member: David Hawig | Roles: Director of Ecosystem | Available links: LinkedIn
web3-foundation,Team member: Aeron Buchanan | Roles: Council member | Available links: LinkedIn
web3-foundation,Team member: Roman Prikryl | Roles: Web Lead | Available links: LinkedIn
web3-foundation,Team member: Jeffrey Burdges | Roles: Senior Cryptography Researcher | Available links: LinkedIn
web3-foundation,Team member: Alfonso Cevallos | Roles: Blockchain Researcher | Available links: LinkedIn
nascent,Team member: Joshua Felker | Roles: Co-Founder | Available links: LinkedIn
nascent,Team member: Dan Elitzer | Roles: Co-Founder | Available links: LinkedIn
nascent,"Team member: Brock Elmore | Roles: Chief Architect | Available links: LinkedIn, Twitter"
nascent,Team member: Jessy Huang | Roles: Venture Partner | Available links: Twitter
nascent,Team member: Arvind Ramanathan | Roles: Sr. Strategy Advisor | Available links: LinkedIn
paraficapital,Team member: Ben Forman | Available links: LinkedIn
paraficapital,Team member: Adrian Uberto | Available links: LinkedIn
paraficapital,"Team member: Kevin Yedid-Botton | Roles: Partner | Available links: LinkedIn, Twitter"
paraficapital,Team member: Christian Brockman | Roles: General Counsel | Available links: LinkedIn
paraficapital,"Team member: Anjan Vinod | Roles: Principal | Available links: LinkedIn, Twitter"
paraficapital,"Team member: Ryan Navi | Roles: Principal | Available links: LinkedIn, Twitter"
paraficapital,Team member: Daniel Johnston | Available links: LinkedIn
paraficapital,Team member: Stephanie Ng | Roles: Associate
paraficapital,Team member: Josh Solesbury | Roles: Associate | Available links: LinkedIn
shima-capital,Team member: Yida Gao | Available links: LinkedIn
shima-capital,Team member: Brandon Stahl | Available links: LinkedIn
shima-capital,Team member: Carl Hua | Roles: Venture Partner | Available links: LinkedIn
shima-capital,Team member: Alex Lin | Roles: Venture Partner | Available links: LinkedIn
shima-capital,Team member: Nick Metzler | Roles: Venture Partner | Available links: LinkedIn
shima-capital,Team member: Michael Curcio | Roles: Venture Partner
shima-capital,Team member: Hazel Chen | Roles: Platform Advisor | Available links: LinkedIn
shima-capital,"Team member: Chris Loranger | Roles: Gaming Advisor | Available links: LinkedIn, Twitter"
draper-dragon,Team member: Andrew Tang | Available links: LinkedIn
draper-dragon,"Team member: Tim Draper | Roles: Co-Founder | Available links: LinkedIn, Twitter"
draper-dragon,Team member: Bobby Chao | Roles: Co-Founder | Available links: LinkedIn
draper-dragon,Team member: Larry Li | Roles: Co-Founder
draper-dragon,"Team member: Richard Wang | Roles: Managing Partner | Available links: LinkedIn, Twitter"
draper-dragon,Team member: Matt Huang | Roles: Venture Partner | Available links: LinkedIn
draper-dragon,Team member: James Cantre | Roles: Venture Partner | Available links: LinkedIn
draper-dragon,Team member: Frank Miaw | Available links: LinkedIn
draper-dragon,"Team member: Kavan Canekeratne | Roles: Partner | Available links: LinkedIn, Twitter"
draper-dragon,Team member: Jingqing Zha | Roles: Principal | Available links: LinkedIn
draper-dragon,"Team member: Yiming Hu | Roles: Associate | Available links: LinkedIn, Twitter"
egirlcapital,Team member: CL207 | Roles: Partner | Available links: Twitter
egirlcapital,Team member: Fjvdb7 | Roles: Partner | Available links: Twitter
egirlcapital,"Team member: Eva Beylin | Roles: Investor | Available links: LinkedIn, Twitter"
egirlcapital,Team member: feir | Roles: Investor | Available links: Twitter
egirlcapital,Team member: CryptoCatVC | Roles: Investor | Available links: Twitter
egirlcapital,Team member: DegenSpartan | Roles: Investor | Available links: Twitter
egirlcapital,Team member: devops199fan | Roles: Investor | Available links: Twitter
egirlcapital,Team member: hedgedhog | Roles: Investor | Available links: Twitter
egirlcapital,Team member: mewny | Roles: Investor | Available links: Twitter
egirlcapital,Team member: Scupy Trooples | Roles: Investor | Available links: Twitter
fabric-ventures,"Team member: Richard Muirhead | Available links: LinkedIn, Twitter"
fabric-ventures,"Team member: Max Mersch | Available links: LinkedIn, Twitter"
fabric-ventures,"Team member: Anastasiya Belyaeva | Roles: Co-Founder | Available links: LinkedIn, Twitter"
fabric-ventures,"Team member: Anil Hansjee | Roles: General Partner | Available links: LinkedIn, Twitter"
fabric-ventures,"Team member: Alain Falys | Roles: Venture Partner | Available links: LinkedIn, Twitter"
fabric-ventures,"Team member: Christina Frankopan | Roles: Venture Partner | Available links: LinkedIn, Twitter"
fabric-ventures,"Team member: Ian Emerson | Roles: Chief of Staff | Available links: LinkedIn, Twitter"
fabric-ventures,"Team member: Thomas Crow | Roles: Invest Team | Available links: LinkedIn, Twitter"
fabric-ventures,"Team member: Fynn Brinkmann | Roles: Invest Team | Available links: LinkedIn, Twitter"
fabric-ventures,"Team member: Julien Thevenard | Roles: Invest Team | Available links: LinkedIn, Twitter"
fabric-ventures,"Team member: Lata Persson | Roles: Invest Team | Available links: LinkedIn, Twitter"
fabric-ventures,"Team member: Michael Jackson | Roles: Board Member | Available links: LinkedIn, Twitter"
mechanism-capital,"Team member: Andrew Kang | Available links: LinkedIn, Twitter"
mechanism-capital,"Team member: Marc Weinstein | Available links: LinkedIn, Twitter"
mechanism-capital,"Team member: Steve Cho | Roles: General Partner | Available links: LinkedIn, Twitter"
mechanism-capital,Team member: Shayaan Nackvi | Roles: COO | Available links: LinkedIn
mechanism-capital,Team member: Roland Roventa | Roles: Investment Principal | Available links: LinkedIn
dwf-labs,"Team member: Andrei Grachev | Roles: Managing Partner | Available links: LinkedIn, Twitter"
dwf-labs,Team member: Heng Yu Lee | Roles: Founding Partner | Available links: LinkedIn
dwf-labs,Team member: Lingling Jiang | Roles: Business Partner | Available links: LinkedIn
dwf-labs,"Team member: Alessia Baumgartner | Roles: Business Partner | Available links: LinkedIn, Twitter"
dwf-labs,"Team member: Jorinda Hsu | Roles: Business Partner | Available links: LinkedIn, Twitter"
dwf-labs,"Team member: Stefano Virgilli | Roles: Business Partner | Available links: LinkedIn, Twitter"
dwf-labs,Team member: Derrick Lui | Roles: Business Partner | Available links: LinkedIn
dwf-labs,Team member: Zac Zou | Roles: Partner | Available links: LinkedIn
hashed-fund,Team member: Ryan Sungho Kim | Available links: LinkedIn
hashed-fund,"Team member: Ethan Kyuntae Kim | Available links: LinkedIn, Twitter"
hashed-fund,"Team member: Simon Seojoon Kim | Available links: LinkedIn, Twitter"
hashed-fund,"Team member: Baek Kim | Roles: General Partner | Available links: LinkedIn, Twitter"
hashed-fund,Team member: Sean Hong | Available links: LinkedIn
hashed-fund,Team member: Edward Hong | Roles: Chief Platform Officer | Available links: Twitter
hashed-fund,"Team member: Tak Lee | Roles: Venture Partner | Available links: LinkedIn, Twitter"
hashed-fund,"Team member: Medha Srivastava | Roles: General Counsel | Available links: LinkedIn, Twitter"
hashed-fund,"Team member: Jun Park | Roles: Senior Associate | Available links: LinkedIn, Twitter"
hashed-fund,Team member: Edward Tan | Roles: Senior Associate | Available links: Twitter
hashed-fund,Team member: SJ Baek | Roles: Senior Associate | Available links: LinkedIn
hashed-fund,"Team member: Dan Park | Roles: Research Associate | Available links: LinkedIn, Twitter"
hashed-fund,Team member: Shasank Konger | Roles: Legal Associate | Available links: LinkedIn
hashed-fund,Team member: Jake Kim | Roles: Associate | Available links: LinkedIn
bain-capital-crypto,"Team member: Kevin Zhang | Roles: Venture Partner | Available links: LinkedIn, Twitter"
bain-capital-crypto,"Team member: Irene Wu | Roles: Venture Partner | Available links: LinkedIn, Twitter"
bain-capital-crypto,"Team member: Mandy Campbell | Available links: LinkedIn, Twitter"
bain-capital-crypto,"Team member: Stefan Cohen | Roles: Partner | Available links: LinkedIn, Twitter"
bain-capital-crypto,"Team member: Theo Diamandis | Roles: Research Partner | Available links: LinkedIn, Twitter"
bain-capital-crypto,Team member: Alex Evans | Roles: Partner | Available links: Twitter
bain-capital-crypto,"Team member: Parth Chopra | Roles: Principal | Available links: LinkedIn, Twitter"
bain-capital-crypto,"Team member: Khurram Dara | Available links: LinkedIn, Twitter"
1-confirmation,"Team member: Nick Tomaino | Available links: LinkedIn, Twitter"
1-confirmation,Team member: Frank Hourigan | Available links: LinkedIn
1-confirmation,Team member: Mike Tomaino | Roles: Partner
1-confirmation,Team member: Josh Guttman | Roles: Advisor | Available links: LinkedIn
tribecapital,"Team member: Arjun Sethi | Available links: LinkedIn, Twitter, Website"
tribecapital,Team member: Jonathan Hsu | Available links: LinkedIn
tribecapital,"Team member: Ted Maidenberg | Available links: LinkedIn, Twitter"
tribecapital,"Team member: Jared Madfes | Available links: LinkedIn, Twitter"
tribecapital,"Team member: Alex Chee | Roles: Co-Founding Partner | Available links: LinkedIn, Twitter"
tribecapital,"Team member: Boris Revsin | Available links: LinkedIn, Twitter"
tribecapital,"Team member: Prateek Alsi | Available links: LinkedIn, Twitter"
tribecapital,"Team member: Jake Ellowitz | Available links: LinkedIn, Twitter"
tribecapital,Team member: Ik Kanu | Roles: Venture Partner | Available links: LinkedIn
tribecapital,Team member: Arman Zand | Roles: Venture Partner | Available links: LinkedIn
tribecapital,"Team member: Omar Chohan | Roles: Venture Partner | Available links: LinkedIn, Twitter"
tribecapital,Team member: Paula Hajduczenia | Roles: Venture Partner | Available links: LinkedIn
tribecapital,Team member: Aniko Szigetvari | Roles: Venture Partner | Available links: LinkedIn
tribecapital,Team member: Denis Titov | Roles: Venture Partner | Available links: LinkedIn
tribecapital,"Team member: Vijay Chetty | Roles: Venture Partner | Available links: LinkedIn, Twitter"
tribecapital,Team member: Spencer Kaye | Roles: Venture Partner | Available links: LinkedIn
tribecapital,"Team member: Raaid Hossain | Roles: Venture Partner | Available links: LinkedIn, Twitter"
tribecapital,"Team member: Mark Trevitt | Roles: Venture Partner | Available links: LinkedIn, Twitter"
tribecapital,"Team member: Kavin Stewart | Roles: Venture Partner | Available links: LinkedIn, Twitter"
tribecapital,Team member: Ailbhe Dempsey | Roles: Partner | Available links: LinkedIn
tribecapital,Team member: Andrew Przybylski | Roles: Partner | Available links: LinkedIn
tribecapital,"Team member: Brendan Moore | Available links: LinkedIn, Twitter"
tribecapital,Team member: Ankush Sehgal | Roles: EIR | Available links: LinkedIn
tribecapital,Team member: Justin Kathan | Roles: EIR | Available links: LinkedIn
tribecapital,Team member: Jai Malhotra | Roles: Principal | Available links: LinkedIn
tribecapital,"Team member: Evan Park | Roles: Investment Associate | Available links: LinkedIn, Twitter, Website"
tribecapital,Team member: Francis Zhan | Roles: Investment Associate | Available links: LinkedIn
tribecapital,"Team member: Juan Abundes | Roles: Venture Advisor | Available links: LinkedIn, Twitter"
tribecapital,"Team member: Mansur Wadalawala | Available links: LinkedIn, Twitter"
tribecapital,"Team member: Rena Shah | Roles: Advisor | Available links: LinkedIn, Twitter"
tribecapital,"Team member: Pablo Solano | Roles: Advisor | Available links: LinkedIn, Twitter"
redpoint,"Team member: Geoff Yang | Available links: LinkedIn, Twitter"
redpoint,Team member: John Walecka | Available links: LinkedIn
redpoint,"Team member: Chris Moore | Roles: Partner | Available links: LinkedIn, Twitter"
redpoint,Team member: Brad Jones | Available links: LinkedIn
redpoint,Team member: Tim Haley | Roles: Managing Director | Available links: LinkedIn
redpoint,Team member: Tom Dyal | Roles: Managing Director | Available links: LinkedIn
redpoint,Team member: Jeff Brody | Available links: LinkedIn
redpoint,Team member: Jeffrey Cheng | Roles: General Counsel
redpoint,Team member: Atli Thorkelsson | Roles: VP of Talent Network | Available links: LinkedIn
redpoint,Team member: Santiago Regan | Roles: Director of Business Development | Available links: LinkedIn
redpoint,"Team member: Josh Machiz | Roles: Partner | Available links: LinkedIn, Twitter"
redpoint,"Team member: Ashley Law | Roles: Director of Events | Available links: LinkedIn, Twitter"
redpoint,Team member: Enzo Wiener | Roles: Vice President | Available links: LinkedIn
redpoint,"Team member: Sai Senthilkumar | Roles: Partner | Available links: LinkedIn, Twitter"
redpoint,"Team member: Jordan Segall | Roles: Partner | Available links: LinkedIn, Twitter"
redpoint,"Team member: Scott Raney | Roles: Managing Director | Available links: LinkedIn, Twitter"
redpoint,"Team member: Annie Kadavy | Roles: Managing Director | Available links: LinkedIn, Twitter"
redpoint,Team member: Elliot Geidt | Roles: Managing Director | Available links: LinkedIn
redpoint,"Team member: Jacob Effron | Roles: Partner | Available links: LinkedIn, Twitter"
redpoint,Team member: Satish Dharmaraj | Roles: Managing Director | Available links: LinkedIn
redpoint,Team member: Lydia Day | Roles: Associate | Available links: LinkedIn
redpoint,"Team member: Meera Clark | Roles: Principal | Available links: LinkedIn, Twitter"
redpoint,"Team member: Patrick Chase | Roles: Partner | Available links: LinkedIn, Twitter"
redpoint,"Team member: Erica Brescia | Roles: Managing Director | Available links: LinkedIn, Twitter"
redpoint,"Team member: Alex Bard | Roles: Managing Director | Available links: LinkedIn, Twitter"
redpoint,Team member: Adil Bhatia | Roles: Vice President | Available links: LinkedIn
redpoint,"Team member: Urvashi Barooah | Roles: Partner | Available links: LinkedIn, Twitter"
redpoint,"Team member: Logan Bartlett | Roles: Managing Director | Available links: LinkedIn, Twitter"
sinoglobalcapital,Team member: Matthew Graham | Available links: LinkedIn
sinoglobalcapital,Team member: Haru Chen | Roles: Partner
sinoglobalcapital,"Team member: Dermot McGrath | Available links: LinkedIn, Twitter"
sinoglobalcapital,Team member: Thomas Tang | Roles: Head of Investments | Available links: Twitter
sinoglobalcapital,Team member: Ian Wittkopp | Roles: Venture Partner | Available links: LinkedIn
sinoglobalcapital,Team member: Joven Wu | Roles: Principal
sinoglobalcapital,Team member: Pavel Kuznetsov | Roles: Head of Post Investment Support | Available links: LinkedIn
sinoglobalcapital,Team member: Reem Elgohary | Roles: Head of Production | Available links: Twitter
genblock-capital,Team member: Bilal Junaid | Roles: Founder | Available links: LinkedIn
ava-labs,"Team member: Emin Gun Sirer | Available links: LinkedIn, Twitter"
ava-labs,"Team member: Kevin Sekniqi | Roles: Co-Founder | Available links: LinkedIn, Twitter, Website"
ava-labs,"Team member: John Wu | Roles: President | Available links: LinkedIn, Twitter"
ava-labs,"Team member: Lee Schneider | Roles: General Counsel | Available links: LinkedIn, Twitter"
ava-labs,"Team member: Chris Lavery | Roles: CFO | Available links: LinkedIn, Twitter"
ava-labs,Team member: Morgan Krupetsky | Roles: Director of Institutional BD | Available links: LinkedIn
ava-labs,"Team member: Akash Gupta | Roles: Vice President | Available links: LinkedIn, Twitter"
ava-labs,"Team member: Nick Mussallem | Roles: Head of Product | Available links: LinkedIn, Twitter"
ava-labs,Team member: Stephen Buttolph | Roles: Chief Protocol Architect | Available links: LinkedIn
ava-labs,"Team member: John Nahas | Roles: CBO | Available links: LinkedIn, Twitter"
ava-labs,"Team member: Lydia Chiu | Roles: Senior Vice President | Available links: LinkedIn, Twitter"
ava-labs,Team member: Luigi D'Onorio DeMeo | Roles: COO | Available links: Twitter
eden-block,"Team member: Lior Messika | Available links: LinkedIn, Twitter"
eden-block,"Team member: Rami Beracha | Roles: General Partner | Available links: LinkedIn, Twitter"
eden-block,Team member: Orit Freedman Weissman | Roles: General Partner | Available links: LinkedIn
eden-block,"Team member: Yoann Douieb | Available links: LinkedIn, Twitter"
eden-block,"Team member: Nelson Ryan | Roles: Investment Partner | Available links: LinkedIn, Twitter"
eden-block,"Team member: Ian Plunkett | Roles: Venture Partner | Available links: LinkedIn, Twitter"
eden-block,"Team member: Ollie Blears | Roles: Legal Advisor | Available links: LinkedIn, Twitter"
de-fiance-capital,"Team member: Arthur Cheong | Available links: LinkedIn, Twitter"
de-fiance-capital,Team member: Leon Low | Roles: CFO | Available links: LinkedIn
de-fiance-capital,Team member: Aylwin C. | Roles: Venture Partner | Available links: LinkedIn
de-fiance-capital,Team member: Samuel C. | Roles: Principal | Available links: LinkedIn
pet-rock-capital,Team member: Ronald Koo | Available links: LinkedIn
pet-rock-capital,Team member: Darwin Liew | Roles: Venture Partner | Available links: LinkedIn
pet-rock-capital,Team member: Sim Ecclesiastes Joel | Available links: LinkedIn
pet-rock-capital,Team member: Lawrence Lim Wang Jin | Roles: Partner | Available links: LinkedIn
dapper-labs,"Team member: Roham Gharegozlou | Available links: LinkedIn, Twitter"
dapper-labs,"Team member: Dieter Shirley | Available links: LinkedIn, Twitter"
dapper-labs,Team member: Alexander Hentschel | Available links: LinkedIn
dapper-labs,"Team member: Mikhael Naayem | Available links: LinkedIn, Twitter"
dapper-labs,Team member: Stephanie Lemmerman | Roles: CFO | Available links: LinkedIn
dapper-labs,Team member: Alex Levine | Available links: LinkedIn
dapper-labs,Team member: Sam Gharegozlou | Roles: Board Member | Available links: LinkedIn
dapper-labs,"Team member: David Pakman | Roles: Board Member | Available links: LinkedIn, Twitter, Website"
dapper-labs,Team member: Alex Shih | Roles: Board Member | Available links: LinkedIn
dapper-labs,"Team member: Hamilton Helmer | Roles: Board Member | Available links: LinkedIn, Twitter"
dapper-labs,"Team member: Chris Dixon | Roles: Board Member | Available links: LinkedIn, Twitter, Website"
dapper-labs,"Team member: Fred Wilson | Roles: Board Member | Available links: LinkedIn, Twitter"
dapper-labs,"Team member: Dan Rose | Roles: Board Member | Available links: LinkedIn, Twitter"
dapper-labs,"Team member: Justin Waldron | Roles: Advisor | Available links: LinkedIn, Twitter"
dapper-labs,"Team member: Bing Gordon | Roles: Advisor | Available links: LinkedIn, Twitter"
dapper-labs,Team member: Bryan Gross | Roles: Advisor | Available links: LinkedIn
greylock-partners,"Team member: Jacob Andreou | Roles: Partner | Available links: LinkedIn, Twitter"
greylock-partners,Team member: Asheem Chandna | Roles: Partner | Available links: LinkedIn
greylock-partners,Team member: Jerry Chen | Roles: Partner | Available links: LinkedIn
greylock-partners,Team member: Mor Chen | Roles: Partner | Available links: LinkedIn
greylock-partners,Team member: Mike Duboe | Roles: Partner | Available links: LinkedIn
greylock-partners,Team member: Reid Hoffman | Roles: Partner | Available links: LinkedIn
greylock-partners,Team member: Christine Kim | Roles: Partner | Available links: LinkedIn
greylock-partners,Team member: Sophia Luo | Roles: Partner | Available links: LinkedIn
greylock-partners,Team member: Saam Motamedi | Roles: Partner | Available links: LinkedIn
greylock-partners,Team member: Corinne Riley | Roles: Partner | Available links: LinkedIn
greylock-partners,Team member: Jason Risch | Roles: Partner | Available links: LinkedIn
greylock-partners,Team member: Seth Rosenberg | Roles: Partner | Available links: LinkedIn
foresight-ventures,"Team member: Forest Bai | Available links: LinkedIn, Twitter"
foresight-ventures,"Team member: Xin Pei | Roles: Chief Investment Officer | Available links: LinkedIn, Twitter"
foresight-ventures,Team member: Min Xue | Roles: Investment Partner | Available links: Twitter
foresight-ventures,Team member: Alice Li | Roles: Investment Partner | Available links: Twitter
foresight-ventures,Team member: Ian Xu | Roles: Vice President | Available links: Twitter
foresight-ventures,Team member: Maggie Wu | Roles: Research Lead | Available links: Twitter
foresight-ventures,"Team member: Azeem Khan | Roles: Venture Partner | Available links: LinkedIn, Twitter"
symbolic-capital,"Team member: Kenzi Wang | Roles: Co-Founder | Available links: LinkedIn, Twitter, Website, Telegram"
symbolic-capital,Team member: Sandeep Nailwal | Roles: Co-Founder | Available links: Twitter
symbolic-capital,Team member: Sam Lehman | Roles: Principal | Available links: LinkedIn
symbolic-capital,"Team member: Chad Liu | Roles: Investor | Available links: LinkedIn, Twitter"
ngc-ventures,Team member: Roger Lim | Roles: Founding Partner | Available links: LinkedIn
ngc-ventures,Team member: Tony Gu | Roles: Founding Partner | Available links: LinkedIn
ngc-ventures,Team member: Wayne Zhu | Roles: General Partner
ngc-ventures,"Team member: Jack Lu | Roles: Partner | Available links: LinkedIn, Twitter"
ngc-ventures,Team member: Zi hao Chen | Roles: Partner
ngc-ventures,Team member: Adam Alexander Arreola | Roles: Investment Associate | Available links: LinkedIn
ngc-ventures,Team member: Chris Miller | Roles: Investor | Available links: LinkedIn
ngc-ventures,Team member: Alvin Leong | Roles: Investor | Available links: LinkedIn
ngc-ventures,Team member: Cherry Xie | Roles: Investor
ngc-ventures,Team member: Henry Zhang | Roles: Investor | Available links: LinkedIn
ngc-ventures,Team member: Yaoher Pang | Roles: Investor | Available links: LinkedIn
ngc-ventures,Team member: Hsinci Tan | Roles: Investor
lattice,"Team member: Regan Bozman | Roles: Co-Founder | Available links: LinkedIn, Twitter"
lattice,"Team member: Mike Zajko | Roles: Co-Founder | Available links: LinkedIn, Twitter"
lattice,"Team member: Rachel Aldrich | Roles: COO | Available links: LinkedIn, Twitter"
collab-currency,Team member: steve | Roles: Managing Partner | Available links: Twitter
collab-currency,Team member: Derek Edws | Roles: Managing Partner | Available links: Twitter
collab-currency,Team member: amanda | Roles: Investor | Available links: Twitter
collab-currency,Team member: Arad | Roles: Investor | Available links: Twitter
collab-currency,Team member: greg | Roles: Investor | Available links: Twitter
collab-currency,Team member: karen | Roles: Investor | Available links: Twitter
collab-currency,Team member: Ronan | Roles: Investor | Available links: Twitter
collab-currency,Team member: Justin Hall | Roles: Director of Finance | Available links: Twitter
collab-currency,Team member: Zack Rosenblatt | Roles: Chief of Staff | Available links: Twitter
paper-ventures,Team member: Danish Chaudhry | Roles: Co-Founder | Available links: LinkedIn
paper-ventures,Team member: Oliver Blakey | Roles: Co-Founder | Available links: LinkedIn
paper-ventures,Team member: Ivailo Jordanov | Roles: Partner | Available links: LinkedIn
cyber-fund,"Team member: Konstantin Lomashuk | Available links: LinkedIn, Twitter"
cyber-fund,"Team member: Vasiliy Shapovalov | Available links: LinkedIn, Twitter"
borderless-capital,"Team member: Arul Murugan | Available links: LinkedIn, Twitter"
borderless-capital,Team member: Michel Dahdah | Roles: Advisor | Available links: LinkedIn
borderless-capital,Team member: Nicholas Dulger | Roles: Director Of Operations | Available links: LinkedIn
borderless-capital,Team member: Sebastian Raul Wain | Roles: Limited Partner | Available links: LinkedIn
borderless-capital,Team member: Edward Lashinsk | Roles: Head of Trading | Available links: LinkedIn
borderless-capital,Team member: Dhagash Shah | Roles: Associate | Available links: LinkedIn
borderless-capital,Team member: Austin Pidoriano | Roles: Principal | Available links: LinkedIn
borderless-capital,Team member: Brian Prilick | Roles: Partner | Available links: LinkedIn
borderless-capital,Team member: Patrick O'Kain | Roles: Partner | Available links: LinkedIn
borderless-capital,Team member: Amit Mehra | Roles: Partner | Available links: LinkedIn
cypher-capital,Team member: Bijan Alizadeh | Roles: General Partner | Available links: LinkedIn
cypher-capital,Team member: Bill Qian | Roles: Chairman | Available links: LinkedIn
cypher-capital,Team member: Vineet Budki
cypher-capital,Team member: Elaine Liu | Roles: Partner
cypher-capital,Team member: Farbod Nassiri | Roles: Finance Manager | Available links: LinkedIn
cypher-capital,Team member: Stefan Piech | Roles: Advisor | Available links: LinkedIn
chapter-one,"Team member: Jeff Morris Jr. | Roles: Managing Partner | Available links: LinkedIn, Twitter"
chapter-one,"Team member: Jamesin Seidel | Roles: Investment Partner | Available links: LinkedIn, Twitter"
chapter-one,"Team member: Alex Labossiere | Roles: Investment Partner | Available links: LinkedIn, Twitter"
chapter-one,"Team member: Ty Wilkins | Roles: Venture Partner | Available links: LinkedIn, Twitter"
chapter-one,Team member: Doug Dyer
chapter-one,"Team member: Dakota Torres | Roles: Director of Finance | Available links: LinkedIn, Twitter"
chapter-one,"Team member: Lauren Hill | Roles: Executive Assistant | Available links: LinkedIn, Twitter"
arkstream-capital,Team member: Ye Su | Roles: Founding Partner | Available links: LinkedIn
arkstream-capital,Team member: Taylor Zhang | Roles: Managing Partner | Available links: LinkedIn
arkstream-capital,Team member: Warren Fang | Roles: General Partner | Available links: LinkedIn
arkstream-capital,Team member: Tsz Chung Chung | Roles: Investment Partner | Available links: LinkedIn
arkstream-capital,Team member: Jean Zheng | Roles: Venture Partner | Available links: LinkedIn
ton-foundation,Team member: Maximilian Crown | Roles: CEO
ton-foundation,"Team member: Manuel Stotz | Roles: President | Available links: LinkedIn, Twitter"
ton-foundation,"Team member: Max Pertsovskiy | Roles: COO | Available links: LinkedIn, Twitter"
ton-foundation,"Team member: Steve Yun | Roles: Council member | Available links: LinkedIn, Twitter"
ton-foundation,Team member: Barbara Schupbach | Roles: Council member
placeholder-ventures,Team member: Joel Monegro | Roles: Partner | Available links: Twitter
placeholder-ventures,Team member: Chris Burniske | Roles: Partner | Available links: Twitter
placeholder-ventures,Team member: Mario Laul | Roles: Head of Research | Available links: Twitter
placeholder-ventures,Team member: Brad Burnham | Roles: Venture Partner | Available links: Twitter
placeholder-ventures,Team member: Shelly Gogol | Roles: General Manager | Available links: LinkedIn
placeholder-ventures,Team member: Gurnoor Narula | Roles: Research Analyst | Available links: Twitter
matter-labs,"Team member: Alex Gluchowski | Available links: LinkedIn, Twitter"
matter-labs,"Team member: Zoe Gadsden | Roles: COO | Available links: LinkedIn, Twitter"
matter-labs,"Team member: Anthony Rose | Roles: CTO | Available links: LinkedIn, Twitter"
matter-labs,Team member: Geoffrey Thompson | Roles: General Counsel | Available links: LinkedIn
find-satoshi-lab,Team member: Shiti Rastogi Manghani | Roles: CEO | Available links: LinkedIn
find-satoshi-lab,Team member: Jerry Huang | Roles: Founder | Available links: LinkedIn
find-satoshi-lab,"Team member: Yawn Rong | Roles: Co-Founder | Available links: LinkedIn, Twitter"
find-satoshi-lab,Team member: Mable Jiang | Roles: Chief Revenue Officer | Available links: LinkedIn
find-satoshi-lab,Team member: johnny | Roles: Chief Gaming Officer | Available links: Twitter
find-satoshi-lab,Team member: James Werkeiser | Roles: COO | Available links: LinkedIn
fireblocks,Team member: Michael Shaulov | Roles: CEO | Available links: LinkedIn
fireblocks,Team member: Pavel Berengoltz | Available links: LinkedIn
fireblocks,"Team member: Idan Ofrat | Available links: LinkedIn, Twitter"
